main_mode,user
car,0.40776296370836873
pt,0.15979445811167492
ride,0.159421643909681
walk,0.3343236566363756
bike,0.12821581469617516
